SourceRepoName,SourceFlowName,SourceFlowUUID,SourceFlowContext,SourceUnit,MatchCondition,ConversionFactor,TargetRepoName,TargetFlowName,TargetUnit,Provider,Bridge,BridgeFlowName,Mapper,Verifier,LastUpdated,ConversionSource
MOVES,Gasoline,,,MJ,=,1,USLCI,Gasoline; dispensed at pump,MJ,Dispensing of gasoline; at pump,FALSE,,Chen,,2/10/2025,
MOVES,Diesel,,,MJ,=,1,USLCI,Diesel; dispensed at pump,MJ,Dispensing of diesel; at pump,FALSE,,Chen,,2/10/2025,
MOVES,Compressed Natural Gas (CNG),,,MJ,=,1,USLCI,Compressed natural gas; dispensed at pump,MJ,"Dispensing of compressed natural gas, CNG; at pump",FALSE,,Chen,,3/26/2025,
MOVES,E85,,,MJ,=,0.030120482,USLCI,"Ethanol; 85%, blended; at service station",kg,,TRUE,"Ethanol; 85%, disepensed; at pump",Chen,,3/26/2025,33.2 MJ/kg
MOVES,Electricity,,,MJ,=,1,US Electricity Baseline,"Electricity, AC, 120 V",MJ,,FALSE,,Chen,,2/10/2025,
MOVES,LPG,,,MJ,=,1,USLCI,Liquefied petroleum gas; dispensed at pump,MJ,"Dispensing of liquefied petroleum gas, LPG; at pump",FALSE,,Chen,,3/26/2025,
MOVES,Marine Diesel,,,MJ,=,1,USLCI,Diesel; dispensed at pump,MJ,Dispensing of diesel; at pump,FALSE,,Chen,,2/10/2025,
MOVES,Nonroad Diesel,,,MJ,=,1,USLCI,Diesel; dispensed at pump,MJ,Dispensing of diesel; at pump,FALSE,,Chen,,2/10/2025,
MOVES,CNG,,,MJ,=,1,USLCI,"Compressed natural gas, dispensed at pump",MJ,"Dispensing of compressed natural gas, at pump",FALSE,,Chen,,2/10/2025,
