FlowName,ProcessName,flow_uuid,process_uuid
"Transport, combination truck, compressed natural gas powered","Transport, combination truck, compressed natural gas powered, Alaska",,
"Transport, combination truck, compressed natural gas powered","Transport, combination truck, compressed natural gas powered, Central",,
"Transport, combination truck, compressed natural gas powered","Transport, combination truck, compressed natural gas powered, East North Central",,
"Transport, combination truck, compressed natural gas powered","Transport, combination truck, compressed natural gas powered, Hawaii",,
"Transport, combination truck, compressed natural gas powered","Transport, combination truck, compressed natural gas powered, Northeast",,
"Transport, combination truck, compressed natural gas powered","Transport, combination truck, compressed natural gas powered, Northwest",,
"Transport, combination truck, compressed natural gas powered","Transport, combination truck, compressed natural gas powered, South",,
"Transport, combination truck, compressed natural gas powered","Transport, combination truck, compressed natural gas powered, Southeast",,
"Transport, combination truck, compressed natural gas powered","Transport, combination truck, compressed natural gas powered, Southwest",,
"Transport, combination truck, compressed natural gas powered","Transport, combination truck, compressed natural gas powered, US",,
"Transport, combination truck, compressed natural gas powered","Transport, combination truck, compressed natural gas powered, West",,
"Transport, combination truck, compressed natural gas powered","Transport, combination truck, compressed natural gas powered, West North Central",,
"Transport, combination truck, diesel powered","Transport, combination truck, diesel powered, Alaska",628c07ec-0802-39c1-ab88-1c62848ef436,
"Transport, combination truck, diesel powered","Transport, combination truck, diesel powered, Central",628c07ec-0802-39c1-ab88-1c62848ef436,
"Transport, combination truck, diesel powered","Transport, combination truck, diesel powered, East North Central",628c07ec-0802-39c1-ab88-1c62848ef436,
"Transport, combination truck, diesel powered","Transport, combination truck, diesel powered, Hawaii",628c07ec-0802-39c1-ab88-1c62848ef436,
"Transport, combination truck, diesel powered","Transport, combination truck, diesel powered, Northeast",628c07ec-0802-39c1-ab88-1c62848ef436,
"Transport, combination truck, diesel powered","Transport, combination truck, diesel powered, Northwest",628c07ec-0802-39c1-ab88-1c62848ef436,
"Transport, combination truck, diesel powered","Transport, combination truck, diesel powered, South",628c07ec-0802-39c1-ab88-1c62848ef436,
"Transport, combination truck, diesel powered","Transport, combination truck, diesel powered, Southeast",628c07ec-0802-39c1-ab88-1c62848ef436,
"Transport, combination truck, diesel powered","Transport, combination truck, diesel powered, Southwest",628c07ec-0802-39c1-ab88-1c62848ef436,
"Transport, combination truck, diesel powered","Transport, combination truck, diesel powered, US",628c07ec-0802-39c1-ab88-1c62848ef436,34156f3c-28ef-33db-9ad0-6293a2aa0d52
"Transport, combination truck, diesel powered","Transport, combination truck, diesel powered, West",628c07ec-0802-39c1-ab88-1c62848ef436,
"Transport, combination truck, diesel powered","Transport, combination truck, diesel powered, West North Central",628c07ec-0802-39c1-ab88-1c62848ef436,
"Transport, combination truck, electricity powered","Transport, combination truck, electricity powered, Alaska",,
"Transport, combination truck, electricity powered","Transport, combination truck, electricity powered, Central",,
"Transport, combination truck, electricity powered","Transport, combination truck, electricity powered, East North Central",,
"Transport, combination truck, electricity powered","Transport, combination truck, electricity powered, Hawaii",,
"Transport, combination truck, electricity powered","Transport, combination truck, electricity powered, Northeast",,
"Transport, combination truck, electricity powered","Transport, combination truck, electricity powered, Northwest",,
"Transport, combination truck, electricity powered","Transport, combination truck, electricity powered, South",,
"Transport, combination truck, electricity powered","Transport, combination truck, electricity powered, Southeast",,
"Transport, combination truck, electricity powered","Transport, combination truck, electricity powered, Southwest",,
"Transport, combination truck, electricity powered","Transport, combination truck, electricity powered, US",,
"Transport, combination truck, electricity powered","Transport, combination truck, electricity powered, West",,
"Transport, combination truck, electricity powered","Transport, combination truck, electricity powered, West North Central",,
"Transport, combination truck, gasoline powered","Transport, combination truck, gasoline powered, Alaska",9b20d581-cc62-3313-9412-0855be3ee7c2,
"Transport, combination truck, gasoline powered","Transport, combination truck, gasoline powered, Central",9b20d581-cc62-3313-9412-0855be3ee7c2,
"Transport, combination truck, gasoline powered","Transport, combination truck, gasoline powered, East North Central",9b20d581-cc62-3313-9412-0855be3ee7c2,
"Transport, combination truck, gasoline powered","Transport, combination truck, gasoline powered, Hawaii",9b20d581-cc62-3313-9412-0855be3ee7c2,
"Transport, combination truck, gasoline powered","Transport, combination truck, gasoline powered, Northeast",9b20d581-cc62-3313-9412-0855be3ee7c2,
"Transport, combination truck, gasoline powered","Transport, combination truck, gasoline powered, Northwest",9b20d581-cc62-3313-9412-0855be3ee7c2,
"Transport, combination truck, gasoline powered","Transport, combination truck, gasoline powered, South",9b20d581-cc62-3313-9412-0855be3ee7c2,
"Transport, combination truck, gasoline powered","Transport, combination truck, gasoline powered, Southeast",9b20d581-cc62-3313-9412-0855be3ee7c2,
"Transport, combination truck, gasoline powered","Transport, combination truck, gasoline powered, Southwest",9b20d581-cc62-3313-9412-0855be3ee7c2,
"Transport, combination truck, gasoline powered","Transport, combination truck, gasoline powered, US",9b20d581-cc62-3313-9412-0855be3ee7c2,463d05c9-8c19-3030-8b9f-380c098f5116
"Transport, combination truck, gasoline powered","Transport, combination truck, gasoline powered, West",9b20d581-cc62-3313-9412-0855be3ee7c2,
"Transport, combination truck, gasoline powered","Transport, combination truck, gasoline powered, West North Central",9b20d581-cc62-3313-9412-0855be3ee7c2,
"Transport, combination truck, long-haul, compressed natural gas powered","Transport, combination truck, long-haul, compressed natural gas powered, Alaska",,
"Transport, combination truck, long-haul, compressed natural gas powered","Transport, combination truck, long-haul, compressed natural gas powered, Central",,
"Transport, combination truck, long-haul, compressed natural gas powered","Transport, combination truck, long-haul, compressed natural gas powered, East North Central",,
"Transport, combination truck, long-haul, compressed natural gas powered","Transport, combination truck, long-haul, compressed natural gas powered, Hawaii",,
"Transport, combination truck, long-haul, compressed natural gas powered","Transport, combination truck, long-haul, compressed natural gas powered, Northeast",,
"Transport, combination truck, long-haul, compressed natural gas powered","Transport, combination truck, long-haul, compressed natural gas powered, Northwest",,
"Transport, combination truck, long-haul, compressed natural gas powered","Transport, combination truck, long-haul, compressed natural gas powered, South",,
"Transport, combination truck, long-haul, compressed natural gas powered","Transport, combination truck, long-haul, compressed natural gas powered, Southeast",,
"Transport, combination truck, long-haul, compressed natural gas powered","Transport, combination truck, long-haul, compressed natural gas powered, Southwest",,
"Transport, combination truck, long-haul, compressed natural gas powered","Transport, combination truck, long-haul, compressed natural gas powered, US",,
"Transport, combination truck, long-haul, compressed natural gas powered","Transport, combination truck, long-haul, compressed natural gas powered, West",,
"Transport, combination truck, long-haul, compressed natural gas powered","Transport, combination truck, long-haul, compressed natural gas powered, West North Central",,
"Transport, combination truck, long-haul, diesel powered","Transport, combination truck, long-haul, diesel powered, Alaska",13ed0c67-549c-3a01-afee-7083b12dd949,67759511-8607-395d-8d34-8636b1e47754
"Transport, combination truck, long-haul, diesel powered","Transport, combination truck, long-haul, diesel powered, Central",13ed0c67-549c-3a01-afee-7083b12dd949,c61b85fc-217c-32c1-b313-ba8efb80e378
"Transport, combination truck, long-haul, diesel powered","Transport, combination truck, long-haul, diesel powered, East North Central",13ed0c67-549c-3a01-afee-7083b12dd949,eb180616-8607-3906-9bf7-2d97b4cca501
"Transport, combination truck, long-haul, diesel powered","Transport, combination truck, long-haul, diesel powered, Hawaii",13ed0c67-549c-3a01-afee-7083b12dd949,c069b1d6-6596-356b-81f9-16f3d65bd6b1
"Transport, combination truck, long-haul, diesel powered","Transport, combination truck, long-haul, diesel powered, Northeast",13ed0c67-549c-3a01-afee-7083b12dd949,2b3fcaef-9b14-3a05-9208-ef23cf7ebdea
"Transport, combination truck, long-haul, diesel powered","Transport, combination truck, long-haul, diesel powered, Northwest",13ed0c67-549c-3a01-afee-7083b12dd949,829eb677-aa4c-3a1a-9611-c03515c40326
"Transport, combination truck, long-haul, diesel powered","Transport, combination truck, long-haul, diesel powered, South",13ed0c67-549c-3a01-afee-7083b12dd949,8bc30eb0-0fa6-3cef-8855-d8e975cd915d
"Transport, combination truck, long-haul, diesel powered","Transport, combination truck, long-haul, diesel powered, Southeast",13ed0c67-549c-3a01-afee-7083b12dd949,a17f251a-de94-3933-b3b1-61aef7df590d
"Transport, combination truck, long-haul, diesel powered","Transport, combination truck, long-haul, diesel powered, Southwest",13ed0c67-549c-3a01-afee-7083b12dd949,e7827862-9c3d-3c15-ac17-e1298e632788
"Transport, combination truck, long-haul, diesel powered","Transport, combination truck, long-haul, diesel powered, US",13ed0c67-549c-3a01-afee-7083b12dd949,a685da05-1a42-3fe1-a68b-6db458be5e07
"Transport, combination truck, long-haul, diesel powered","Transport, combination truck, long-haul, diesel powered, West",13ed0c67-549c-3a01-afee-7083b12dd949,8ba63664-bb54-3899-8e07-1b55737d5636
"Transport, combination truck, long-haul, diesel powered","Transport, combination truck, long-haul, diesel powered, West North Central",13ed0c67-549c-3a01-afee-7083b12dd949,cc8e796a-b812-31fd-b779-f0e9410bd681
"Transport, combination truck, long-haul, electricity powered","Transport, combination truck, long-haul, electricity powered, Alaska",,
"Transport, combination truck, long-haul, electricity powered","Transport, combination truck, long-haul, electricity powered, Central",,
"Transport, combination truck, long-haul, electricity powered","Transport, combination truck, long-haul, electricity powered, East North Central",,
"Transport, combination truck, long-haul, electricity powered","Transport, combination truck, long-haul, electricity powered, Hawaii",,
"Transport, combination truck, long-haul, electricity powered","Transport, combination truck, long-haul, electricity powered, Northeast",,
"Transport, combination truck, long-haul, electricity powered","Transport, combination truck, long-haul, electricity powered, Northwest",,
"Transport, combination truck, long-haul, electricity powered","Transport, combination truck, long-haul, electricity powered, South",,
"Transport, combination truck, long-haul, electricity powered","Transport, combination truck, long-haul, electricity powered, Southeast",,
"Transport, combination truck, long-haul, electricity powered","Transport, combination truck, long-haul, electricity powered, Southwest",,
"Transport, combination truck, long-haul, electricity powered","Transport, combination truck, long-haul, electricity powered, US",,
"Transport, combination truck, long-haul, electricity powered","Transport, combination truck, long-haul, electricity powered, West",,
"Transport, combination truck, long-haul, electricity powered","Transport, combination truck, long-haul, electricity powered, West North Central",,
"Transport, combination truck, short-haul, compressed natural gas powered","Transport, combination truck, short-haul, compressed natural gas powered, Alaska",,
"Transport, combination truck, short-haul, compressed natural gas powered","Transport, combination truck, short-haul, compressed natural gas powered, Central",,
"Transport, combination truck, short-haul, compressed natural gas powered","Transport, combination truck, short-haul, compressed natural gas powered, East North Central",,
"Transport, combination truck, short-haul, compressed natural gas powered","Transport, combination truck, short-haul, compressed natural gas powered, Hawaii",,
"Transport, combination truck, short-haul, compressed natural gas powered","Transport, combination truck, short-haul, compressed natural gas powered, Northeast",,
"Transport, combination truck, short-haul, compressed natural gas powered","Transport, combination truck, short-haul, compressed natural gas powered, Northwest",,
"Transport, combination truck, short-haul, compressed natural gas powered","Transport, combination truck, short-haul, compressed natural gas powered, South",,
"Transport, combination truck, short-haul, compressed natural gas powered","Transport, combination truck, short-haul, compressed natural gas powered, Southeast",,
"Transport, combination truck, short-haul, compressed natural gas powered","Transport, combination truck, short-haul, compressed natural gas powered, Southwest",,
"Transport, combination truck, short-haul, compressed natural gas powered","Transport, combination truck, short-haul, compressed natural gas powered, US",,
"Transport, combination truck, short-haul, compressed natural gas powered","Transport, combination truck, short-haul, compressed natural gas powered, West",,
"Transport, combination truck, short-haul, compressed natural gas powered","Transport, combination truck, short-haul, compressed natural gas powered, West North Central",,
"Transport, combination truck, short-haul, diesel powered","Transport, combination truck, short-haul, diesel powered, Alaska",59449b10-044a-3a9b-a6e6-5c5fc97b50bb,d0bcd6e8-2dff-3800-8ea6-6d7eddb5e630
"Transport, combination truck, short-haul, diesel powered","Transport, combination truck, short-haul, diesel powered, Central",59449b10-044a-3a9b-a6e6-5c5fc97b50bb,60157c4b-2824-34d2-9c23-291728d3b01e
"Transport, combination truck, short-haul, diesel powered","Transport, combination truck, short-haul, diesel powered, East North Central",59449b10-044a-3a9b-a6e6-5c5fc97b50bb,fecba951-c031-36f7-abe3-007dd58adbf5
"Transport, combination truck, short-haul, diesel powered","Transport, combination truck, short-haul, diesel powered, Hawaii",59449b10-044a-3a9b-a6e6-5c5fc97b50bb,d3a056d7-9199-3c1d-9947-c486e03d529c
"Transport, combination truck, short-haul, diesel powered","Transport, combination truck, short-haul, diesel powered, Northeast",59449b10-044a-3a9b-a6e6-5c5fc97b50bb,9be99f9e-d855-3f70-b879-9cba92fae8ee
"Transport, combination truck, short-haul, diesel powered","Transport, combination truck, short-haul, diesel powered, Northwest",59449b10-044a-3a9b-a6e6-5c5fc97b50bb,6a7f6ad7-02b8-3d41-a800-1cad098783c5
"Transport, combination truck, short-haul, diesel powered","Transport, combination truck, short-haul, diesel powered, South",59449b10-044a-3a9b-a6e6-5c5fc97b50bb,fe497d56-db73-3867-9356-ac5631405ab1
"Transport, combination truck, short-haul, diesel powered","Transport, combination truck, short-haul, diesel powered, Southeast",59449b10-044a-3a9b-a6e6-5c5fc97b50bb,f6cac940-4ce5-3c3c-8393-66ad74b185c9
"Transport, combination truck, short-haul, diesel powered","Transport, combination truck, short-haul, diesel powered, Southwest",59449b10-044a-3a9b-a6e6-5c5fc97b50bb,5c8a1525-9788-373b-9c4a-e26ba39f2442
"Transport, combination truck, short-haul, diesel powered","Transport, combination truck, short-haul, diesel powered, US",59449b10-044a-3a9b-a6e6-5c5fc97b50bb,8d1daa68-bede-347a-86a4-aeca5383906c
"Transport, combination truck, short-haul, diesel powered","Transport, combination truck, short-haul, diesel powered, West",59449b10-044a-3a9b-a6e6-5c5fc97b50bb,e873d007-5e2a-3193-ac3e-087539227c4d
"Transport, combination truck, short-haul, diesel powered","Transport, combination truck, short-haul, diesel powered, West North Central",59449b10-044a-3a9b-a6e6-5c5fc97b50bb,db7c00e1-bed3-3233-a801-00b700aadeda
"Transport, combination truck, short-haul, electricity powered","Transport, combination truck, short-haul, electricity powered, Alaska",,
"Transport, combination truck, short-haul, electricity powered","Transport, combination truck, short-haul, electricity powered, Central",,
"Transport, combination truck, short-haul, electricity powered","Transport, combination truck, short-haul, electricity powered, East North Central",,
"Transport, combination truck, short-haul, electricity powered","Transport, combination truck, short-haul, electricity powered, Hawaii",,
"Transport, combination truck, short-haul, electricity powered","Transport, combination truck, short-haul, electricity powered, Northeast",,
"Transport, combination truck, short-haul, electricity powered","Transport, combination truck, short-haul, electricity powered, Northwest",,
"Transport, combination truck, short-haul, electricity powered","Transport, combination truck, short-haul, electricity powered, South",,
"Transport, combination truck, short-haul, electricity powered","Transport, combination truck, short-haul, electricity powered, Southeast",,
"Transport, combination truck, short-haul, electricity powered","Transport, combination truck, short-haul, electricity powered, Southwest",,
"Transport, combination truck, short-haul, electricity powered","Transport, combination truck, short-haul, electricity powered, US",,
"Transport, combination truck, short-haul, electricity powered","Transport, combination truck, short-haul, electricity powered, West",,
"Transport, combination truck, short-haul, electricity powered","Transport, combination truck, short-haul, electricity powered, West North Central",,
"Transport, combination truck, short-haul, gasoline powered","Transport, combination truck, short-haul, gasoline powered, Alaska",41361da6-313c-3621-bbe6-3a792f3dab6b,
"Transport, combination truck, short-haul, gasoline powered","Transport, combination truck, short-haul, gasoline powered, Central",41361da6-313c-3621-bbe6-3a792f3dab6b,
"Transport, combination truck, short-haul, gasoline powered","Transport, combination truck, short-haul, gasoline powered, East North Central",41361da6-313c-3621-bbe6-3a792f3dab6b,
"Transport, combination truck, short-haul, gasoline powered","Transport, combination truck, short-haul, gasoline powered, Hawaii",41361da6-313c-3621-bbe6-3a792f3dab6b,
"Transport, combination truck, short-haul, gasoline powered","Transport, combination truck, short-haul, gasoline powered, Northeast",41361da6-313c-3621-bbe6-3a792f3dab6b,
"Transport, combination truck, short-haul, gasoline powered","Transport, combination truck, short-haul, gasoline powered, Northwest",41361da6-313c-3621-bbe6-3a792f3dab6b,
"Transport, combination truck, short-haul, gasoline powered","Transport, combination truck, short-haul, gasoline powered, South",41361da6-313c-3621-bbe6-3a792f3dab6b,
"Transport, combination truck, short-haul, gasoline powered","Transport, combination truck, short-haul, gasoline powered, Southeast",41361da6-313c-3621-bbe6-3a792f3dab6b,
"Transport, combination truck, short-haul, gasoline powered","Transport, combination truck, short-haul, gasoline powered, Southwest",41361da6-313c-3621-bbe6-3a792f3dab6b,
"Transport, combination truck, short-haul, gasoline powered","Transport, combination truck, short-haul, gasoline powered, US",41361da6-313c-3621-bbe6-3a792f3dab6b,60785dad-585a-3fe9-ae8e-507f0cbc7f6f
"Transport, combination truck, short-haul, gasoline powered","Transport, combination truck, short-haul, gasoline powered, West",41361da6-313c-3621-bbe6-3a792f3dab6b,
"Transport, combination truck, short-haul, gasoline powered","Transport, combination truck, short-haul, gasoline powered, West North Central",41361da6-313c-3621-bbe6-3a792f3dab6b,
"Transport, light commercial truck, diesel powered","Transport, light commercial truck, diesel powered, Alaska",35fe9caf-2ad2-3d14-ae03-21454a89da2e,ee1e77e1-0b07-3a7a-ada9-0b1bef460444
"Transport, light commercial truck, diesel powered","Transport, light commercial truck, diesel powered, Central",35fe9caf-2ad2-3d14-ae03-21454a89da2e,bbcb0128-0ea1-3ef9-9f94-889a523b7c35
"Transport, light commercial truck, diesel powered","Transport, light commercial truck, diesel powered, East North Central",35fe9caf-2ad2-3d14-ae03-21454a89da2e,75b40b26-f169-34f0-9991-c617151c7665
"Transport, light commercial truck, diesel powered","Transport, light commercial truck, diesel powered, Hawaii",35fe9caf-2ad2-3d14-ae03-21454a89da2e,85a03eac-6e0a-3c47-8a18-e71b16e913f9
"Transport, light commercial truck, diesel powered","Transport, light commercial truck, diesel powered, Northeast",35fe9caf-2ad2-3d14-ae03-21454a89da2e,61f86f6a-63bd-3e94-ba1b-317849b03e46
"Transport, light commercial truck, diesel powered","Transport, light commercial truck, diesel powered, Northwest",35fe9caf-2ad2-3d14-ae03-21454a89da2e,829dbcc5-70eb-324d-a6c1-c20870342237
"Transport, light commercial truck, diesel powered","Transport, light commercial truck, diesel powered, South",35fe9caf-2ad2-3d14-ae03-21454a89da2e,d520d6bf-0b51-37d3-bc17-c7047faace09
"Transport, light commercial truck, diesel powered","Transport, light commercial truck, diesel powered, Southeast",35fe9caf-2ad2-3d14-ae03-21454a89da2e,96f5b352-fcf1-37c0-bea1-8600ab1875e1
"Transport, light commercial truck, diesel powered","Transport, light commercial truck, diesel powered, Southwest",35fe9caf-2ad2-3d14-ae03-21454a89da2e,83494409-4f95-3c7d-b7d7-09653dd86919
"Transport, light commercial truck, diesel powered","Transport, light commercial truck, diesel powered, US",35fe9caf-2ad2-3d14-ae03-21454a89da2e,bf6e7378-4e08-3698-a3a7-c9cc90fcbc07
"Transport, light commercial truck, diesel powered","Transport, light commercial truck, diesel powered, West",35fe9caf-2ad2-3d14-ae03-21454a89da2e,7666dfe2-42e7-32b1-865c-ad7abef41db3
"Transport, light commercial truck, diesel powered","Transport, light commercial truck, diesel powered, West North Central",35fe9caf-2ad2-3d14-ae03-21454a89da2e,c61964bd-2f6a-3aa4-a43c-dc215d3fce87
"Transport, light commercial truck, e85 powered","Transport, light commercial truck, e85 powered, Alaska",,
"Transport, light commercial truck, e85 powered","Transport, light commercial truck, e85 powered, Central",,
"Transport, light commercial truck, e85 powered","Transport, light commercial truck, e85 powered, East North Central",,
"Transport, light commercial truck, e85 powered","Transport, light commercial truck, e85 powered, Hawaii",,
"Transport, light commercial truck, e85 powered","Transport, light commercial truck, e85 powered, Northeast",,
"Transport, light commercial truck, e85 powered","Transport, light commercial truck, e85 powered, Northwest",,
"Transport, light commercial truck, e85 powered","Transport, light commercial truck, e85 powered, South",,
"Transport, light commercial truck, e85 powered","Transport, light commercial truck, e85 powered, Southeast",,
"Transport, light commercial truck, e85 powered","Transport, light commercial truck, e85 powered, Southwest",,
"Transport, light commercial truck, e85 powered","Transport, light commercial truck, e85 powered, US",,
"Transport, light commercial truck, e85 powered","Transport, light commercial truck, e85 powered, West",,
"Transport, light commercial truck, e85 powered","Transport, light commercial truck, e85 powered, West North Central",,
"Transport, light commercial truck, electricity powered","Transport, light commercial truck, electricity powered, Alaska",,
"Transport, light commercial truck, electricity powered","Transport, light commercial truck, electricity powered, Central",,
"Transport, light commercial truck, electricity powered","Transport, light commercial truck, electricity powered, East North Central",,
"Transport, light commercial truck, electricity powered","Transport, light commercial truck, electricity powered, Hawaii",,
"Transport, light commercial truck, electricity powered","Transport, light commercial truck, electricity powered, Northeast",,
"Transport, light commercial truck, electricity powered","Transport, light commercial truck, electricity powered, Northwest",,
"Transport, light commercial truck, electricity powered","Transport, light commercial truck, electricity powered, South",,
"Transport, light commercial truck, electricity powered","Transport, light commercial truck, electricity powered, Southeast",,
"Transport, light commercial truck, electricity powered","Transport, light commercial truck, electricity powered, Southwest",,
"Transport, light commercial truck, electricity powered","Transport, light commercial truck, electricity powered, US",,
"Transport, light commercial truck, electricity powered","Transport, light commercial truck, electricity powered, West",,
"Transport, light commercial truck, electricity powered","Transport, light commercial truck, electricity powered, West North Central",,
"Transport, light commercial truck, gasoline powered","Transport, light commercial truck, gasoline powered, Alaska",0614f894-cf10-307e-bd58-ac507face752,8fbb300d-2908-3dd0-97ce-0ce9eb324c44
"Transport, light commercial truck, gasoline powered","Transport, light commercial truck, gasoline powered, Central",0614f894-cf10-307e-bd58-ac507face752,fcc53e1b-80ea-3c3b-8fcc-410cd543e2c7
"Transport, light commercial truck, gasoline powered","Transport, light commercial truck, gasoline powered, East North Central",0614f894-cf10-307e-bd58-ac507face752,2901993d-1852-3184-897e-5a30203714e8
"Transport, light commercial truck, gasoline powered","Transport, light commercial truck, gasoline powered, Hawaii",0614f894-cf10-307e-bd58-ac507face752,489c875b-7e8d-3cd7-a9ef-82f71a8bdb69
"Transport, light commercial truck, gasoline powered","Transport, light commercial truck, gasoline powered, Northeast",0614f894-cf10-307e-bd58-ac507face752,d7c148c2-8d03-3edb-817f-bc8e63621987
"Transport, light commercial truck, gasoline powered","Transport, light commercial truck, gasoline powered, Northwest",0614f894-cf10-307e-bd58-ac507face752,8e21a279-3c3e-3e94-901c-69322d474a1e
"Transport, light commercial truck, gasoline powered","Transport, light commercial truck, gasoline powered, South",0614f894-cf10-307e-bd58-ac507face752,6c1fba5b-f109-3535-8e27-a8634f64b441
"Transport, light commercial truck, gasoline powered","Transport, light commercial truck, gasoline powered, Southeast",0614f894-cf10-307e-bd58-ac507face752,d9919764-fed6-3a87-8d64-ba028baf7183
"Transport, light commercial truck, gasoline powered","Transport, light commercial truck, gasoline powered, Southwest",0614f894-cf10-307e-bd58-ac507face752,907b7232-6adc-3e3f-b417-98a5bf5fb49a
"Transport, light commercial truck, gasoline powered","Transport, light commercial truck, gasoline powered, US",0614f894-cf10-307e-bd58-ac507face752,6d0fc48d-a8d0-3d87-b337-d7fabf9767bc
"Transport, light commercial truck, gasoline powered","Transport, light commercial truck, gasoline powered, West",0614f894-cf10-307e-bd58-ac507face752,d4732ba6-12cf-359d-9993-fadd77745716
"Transport, light commercial truck, gasoline powered","Transport, light commercial truck, gasoline powered, West North Central",0614f894-cf10-307e-bd58-ac507face752,b001e212-e048-37ed-880c-6d19b0f87914
"Transport, single unit truck, compressed natural gas powered","Transport, single unit truck, compressed natural gas powered, Alaska",,
"Transport, single unit truck, compressed natural gas powered","Transport, single unit truck, compressed natural gas powered, Central",,
"Transport, single unit truck, compressed natural gas powered","Transport, single unit truck, compressed natural gas powered, East North Central",,
"Transport, single unit truck, compressed natural gas powered","Transport, single unit truck, compressed natural gas powered, Hawaii",,
"Transport, single unit truck, compressed natural gas powered","Transport, single unit truck, compressed natural gas powered, Northeast",,
"Transport, single unit truck, compressed natural gas powered","Transport, single unit truck, compressed natural gas powered, Northwest",,
"Transport, single unit truck, compressed natural gas powered","Transport, single unit truck, compressed natural gas powered, South",,
"Transport, single unit truck, compressed natural gas powered","Transport, single unit truck, compressed natural gas powered, Southeast",,
"Transport, single unit truck, compressed natural gas powered","Transport, single unit truck, compressed natural gas powered, Southwest",,
"Transport, single unit truck, compressed natural gas powered","Transport, single unit truck, compressed natural gas powered, US",,
"Transport, single unit truck, compressed natural gas powered","Transport, single unit truck, compressed natural gas powered, West",,
"Transport, single unit truck, compressed natural gas powered","Transport, single unit truck, compressed natural gas powered, West North Central",,
"Transport, single unit truck, diesel powered","Transport, single unit truck, diesel powered, Alaska",bbcd8095-e1d5-3762-aa08-3efc8d1d2ec4,
"Transport, single unit truck, diesel powered","Transport, single unit truck, diesel powered, Central",bbcd8095-e1d5-3762-aa08-3efc8d1d2ec4,
"Transport, single unit truck, diesel powered","Transport, single unit truck, diesel powered, East North Central",bbcd8095-e1d5-3762-aa08-3efc8d1d2ec4,
"Transport, single unit truck, diesel powered","Transport, single unit truck, diesel powered, Hawaii",bbcd8095-e1d5-3762-aa08-3efc8d1d2ec4,
"Transport, single unit truck, diesel powered","Transport, single unit truck, diesel powered, Northeast",bbcd8095-e1d5-3762-aa08-3efc8d1d2ec4,
"Transport, single unit truck, diesel powered","Transport, single unit truck, diesel powered, Northwest",bbcd8095-e1d5-3762-aa08-3efc8d1d2ec4,
"Transport, single unit truck, diesel powered","Transport, single unit truck, diesel powered, South",bbcd8095-e1d5-3762-aa08-3efc8d1d2ec4,
"Transport, single unit truck, diesel powered","Transport, single unit truck, diesel powered, Southeast",bbcd8095-e1d5-3762-aa08-3efc8d1d2ec4,
"Transport, single unit truck, diesel powered","Transport, single unit truck, diesel powered, Southwest",bbcd8095-e1d5-3762-aa08-3efc8d1d2ec4,
"Transport, single unit truck, diesel powered","Transport, single unit truck, diesel powered, US",bbcd8095-e1d5-3762-aa08-3efc8d1d2ec4,45b70b50-20a0-341b-8e2f-c196974d1541
"Transport, single unit truck, diesel powered","Transport, single unit truck, diesel powered, West",bbcd8095-e1d5-3762-aa08-3efc8d1d2ec4,
"Transport, single unit truck, diesel powered","Transport, single unit truck, diesel powered, West North Central",bbcd8095-e1d5-3762-aa08-3efc8d1d2ec4,
"Transport, single unit truck, electricity powered","Transport, single unit truck, electricity powered, Alaska",,
"Transport, single unit truck, electricity powered","Transport, single unit truck, electricity powered, Central",,
"Transport, single unit truck, electricity powered","Transport, single unit truck, electricity powered, East North Central",,
"Transport, single unit truck, electricity powered","Transport, single unit truck, electricity powered, Hawaii",,
"Transport, single unit truck, electricity powered","Transport, single unit truck, electricity powered, Northeast",,
"Transport, single unit truck, electricity powered","Transport, single unit truck, electricity powered, Northwest",,
"Transport, single unit truck, electricity powered","Transport, single unit truck, electricity powered, South",,
"Transport, single unit truck, electricity powered","Transport, single unit truck, electricity powered, Southeast",,
"Transport, single unit truck, electricity powered","Transport, single unit truck, electricity powered, Southwest",,
"Transport, single unit truck, electricity powered","Transport, single unit truck, electricity powered, US",,
"Transport, single unit truck, electricity powered","Transport, single unit truck, electricity powered, West",,
"Transport, single unit truck, electricity powered","Transport, single unit truck, electricity powered, West North Central",,
"Transport, single unit truck, gasoline powered","Transport, single unit truck, gasoline powered, Alaska",30c89ffc-e08a-3d2b-8c96-33b2397b9bd8,
"Transport, single unit truck, gasoline powered","Transport, single unit truck, gasoline powered, Central",30c89ffc-e08a-3d2b-8c96-33b2397b9bd8,
"Transport, single unit truck, gasoline powered","Transport, single unit truck, gasoline powered, East North Central",30c89ffc-e08a-3d2b-8c96-33b2397b9bd8,
"Transport, single unit truck, gasoline powered","Transport, single unit truck, gasoline powered, Hawaii",30c89ffc-e08a-3d2b-8c96-33b2397b9bd8,
"Transport, single unit truck, gasoline powered","Transport, single unit truck, gasoline powered, Northeast",30c89ffc-e08a-3d2b-8c96-33b2397b9bd8,
"Transport, single unit truck, gasoline powered","Transport, single unit truck, gasoline powered, Northwest",30c89ffc-e08a-3d2b-8c96-33b2397b9bd8,
"Transport, single unit truck, gasoline powered","Transport, single unit truck, gasoline powered, South",30c89ffc-e08a-3d2b-8c96-33b2397b9bd8,
"Transport, single unit truck, gasoline powered","Transport, single unit truck, gasoline powered, Southeast",30c89ffc-e08a-3d2b-8c96-33b2397b9bd8,
"Transport, single unit truck, gasoline powered","Transport, single unit truck, gasoline powered, Southwest",30c89ffc-e08a-3d2b-8c96-33b2397b9bd8,
"Transport, single unit truck, gasoline powered","Transport, single unit truck, gasoline powered, US",30c89ffc-e08a-3d2b-8c96-33b2397b9bd8,d397dd56-dc53-37a1-956b-5da3aaa81a6f
"Transport, single unit truck, gasoline powered","Transport, single unit truck, gasoline powered, West",30c89ffc-e08a-3d2b-8c96-33b2397b9bd8,
"Transport, single unit truck, gasoline powered","Transport, single unit truck, gasoline powered, West North Central",30c89ffc-e08a-3d2b-8c96-33b2397b9bd8,
"Transport, single unit truck, long-haul, compressed natural gas powered","Transport, single unit truck, long-haul, compressed natural gas powered, Alaska",,
"Transport, single unit truck, long-haul, compressed natural gas powered","Transport, single unit truck, long-haul, compressed natural gas powered, Central",,
"Transport, single unit truck, long-haul, compressed natural gas powered","Transport, single unit truck, long-haul, compressed natural gas powered, East North Central",,
"Transport, single unit truck, long-haul, compressed natural gas powered","Transport, single unit truck, long-haul, compressed natural gas powered, Hawaii",,
"Transport, single unit truck, long-haul, compressed natural gas powered","Transport, single unit truck, long-haul, compressed natural gas powered, Northeast",,
"Transport, single unit truck, long-haul, compressed natural gas powered","Transport, single unit truck, long-haul, compressed natural gas powered, Northwest",,
"Transport, single unit truck, long-haul, compressed natural gas powered","Transport, single unit truck, long-haul, compressed natural gas powered, South",,
"Transport, single unit truck, long-haul, compressed natural gas powered","Transport, single unit truck, long-haul, compressed natural gas powered, Southeast",,
"Transport, single unit truck, long-haul, compressed natural gas powered","Transport, single unit truck, long-haul, compressed natural gas powered, Southwest",,
"Transport, single unit truck, long-haul, compressed natural gas powered","Transport, single unit truck, long-haul, compressed natural gas powered, US",,
"Transport, single unit truck, long-haul, compressed natural gas powered","Transport, single unit truck, long-haul, compressed natural gas powered, West",,
"Transport, single unit truck, long-haul, compressed natural gas powered","Transport, single unit truck, long-haul, compressed natural gas powered, West North Central",,
"Transport, single unit truck, long-haul, diesel powered","Transport, single unit truck, long-haul, diesel powered, Alaska",1c639821-1428-35ac-aaa4-277aacdc7420,6ef61870-e92e-34e0-97ba-d62962f70b3e
"Transport, single unit truck, long-haul, diesel powered","Transport, single unit truck, long-haul, diesel powered, Central",1c639821-1428-35ac-aaa4-277aacdc7420,6a01cdd9-09e7-32e8-b32f-2e85b8cd1590
"Transport, single unit truck, long-haul, diesel powered","Transport, single unit truck, long-haul, diesel powered, East North Central",1c639821-1428-35ac-aaa4-277aacdc7420,1b6a6391-2477-3898-8b92-e6621739797a
"Transport, single unit truck, long-haul, diesel powered","Transport, single unit truck, long-haul, diesel powered, Hawaii",1c639821-1428-35ac-aaa4-277aacdc7420,d7ac1ad3-e087-3e08-9a5e-2474048c5ba2
"Transport, single unit truck, long-haul, diesel powered","Transport, single unit truck, long-haul, diesel powered, Northeast",1c639821-1428-35ac-aaa4-277aacdc7420,1ff386a3-2d0c-3a73-97b1-cf3c6fa10d2c
"Transport, single unit truck, long-haul, diesel powered","Transport, single unit truck, long-haul, diesel powered, Northwest",1c639821-1428-35ac-aaa4-277aacdc7420,c3be0482-cb54-39f8-8638-dd3a4dec68eb
"Transport, single unit truck, long-haul, diesel powered","Transport, single unit truck, long-haul, diesel powered, South",1c639821-1428-35ac-aaa4-277aacdc7420,84aeb815-88d9-3205-862b-ffb3b6b54baa
"Transport, single unit truck, long-haul, diesel powered","Transport, single unit truck, long-haul, diesel powered, Southeast",1c639821-1428-35ac-aaa4-277aacdc7420,a17c7651-0fae-330c-bfe8-5f862200f5d2
"Transport, single unit truck, long-haul, diesel powered","Transport, single unit truck, long-haul, diesel powered, Southwest",1c639821-1428-35ac-aaa4-277aacdc7420,2036751b-b50e-3bbd-8106-6744c4149453
"Transport, single unit truck, long-haul, diesel powered","Transport, single unit truck, long-haul, diesel powered, US",1c639821-1428-35ac-aaa4-277aacdc7420,c3ba0cd2-d36d-396a-8295-bd4c00979cf6
"Transport, single unit truck, long-haul, diesel powered","Transport, single unit truck, long-haul, diesel powered, West",1c639821-1428-35ac-aaa4-277aacdc7420,c2a7ddaa-164e-3a05-b063-221f68080142
"Transport, single unit truck, long-haul, diesel powered","Transport, single unit truck, long-haul, diesel powered, West North Central",1c639821-1428-35ac-aaa4-277aacdc7420,2afa4806-2633-3beb-8842-13326d66ed0a
"Transport, single unit truck, long-haul, electricity powered","Transport, single unit truck, long-haul, electricity powered, Alaska",,
"Transport, single unit truck, long-haul, electricity powered","Transport, single unit truck, long-haul, electricity powered, Central",,
"Transport, single unit truck, long-haul, electricity powered","Transport, single unit truck, long-haul, electricity powered, East North Central",,
"Transport, single unit truck, long-haul, electricity powered","Transport, single unit truck, long-haul, electricity powered, Hawaii",,
"Transport, single unit truck, long-haul, electricity powered","Transport, single unit truck, long-haul, electricity powered, Northeast",,
"Transport, single unit truck, long-haul, electricity powered","Transport, single unit truck, long-haul, electricity powered, Northwest",,
"Transport, single unit truck, long-haul, electricity powered","Transport, single unit truck, long-haul, electricity powered, South",,
"Transport, single unit truck, long-haul, electricity powered","Transport, single unit truck, long-haul, electricity powered, Southeast",,
"Transport, single unit truck, long-haul, electricity powered","Transport, single unit truck, long-haul, electricity powered, Southwest",,
"Transport, single unit truck, long-haul, electricity powered","Transport, single unit truck, long-haul, electricity powered, US",,
"Transport, single unit truck, long-haul, electricity powered","Transport, single unit truck, long-haul, electricity powered, West",,
"Transport, single unit truck, long-haul, electricity powered","Transport, single unit truck, long-haul, electricity powered, West North Central",,
"Transport, single unit truck, long-haul, gasoline powered","Transport, single unit truck, long-haul, gasoline powered, Alaska",9f52f8d9-5c7c-3d35-a912-376b70769a26,e418b402-e2ca-3987-a03c-752cb578aa4d
"Transport, single unit truck, long-haul, gasoline powered","Transport, single unit truck, long-haul, gasoline powered, Central",9f52f8d9-5c7c-3d35-a912-376b70769a26,88a9889c-1b38-3735-8598-409e9fe1f36e
"Transport, single unit truck, long-haul, gasoline powered","Transport, single unit truck, long-haul, gasoline powered, East North Central",9f52f8d9-5c7c-3d35-a912-376b70769a26,428e0fa8-88bc-3c04-b793-179db3a02f66
"Transport, single unit truck, long-haul, gasoline powered","Transport, single unit truck, long-haul, gasoline powered, Hawaii",9f52f8d9-5c7c-3d35-a912-376b70769a26,0e9b8277-83e7-3961-a7bb-ceda124189a9
"Transport, single unit truck, long-haul, gasoline powered","Transport, single unit truck, long-haul, gasoline powered, Northeast",9f52f8d9-5c7c-3d35-a912-376b70769a26,2f115eab-83cd-3f13-89bc-acd5c80f8642
"Transport, single unit truck, long-haul, gasoline powered","Transport, single unit truck, long-haul, gasoline powered, Northwest",9f52f8d9-5c7c-3d35-a912-376b70769a26,6d60445d-fe08-3328-9757-6c63f96bf05b
"Transport, single unit truck, long-haul, gasoline powered","Transport, single unit truck, long-haul, gasoline powered, South",9f52f8d9-5c7c-3d35-a912-376b70769a26,8a219bfb-4213-3254-9f85-dd32da77d5c3
"Transport, single unit truck, long-haul, gasoline powered","Transport, single unit truck, long-haul, gasoline powered, Southeast",9f52f8d9-5c7c-3d35-a912-376b70769a26,43ec3512-f8e1-3fba-84ea-5db46f154cd4
"Transport, single unit truck, long-haul, gasoline powered","Transport, single unit truck, long-haul, gasoline powered, Southwest",9f52f8d9-5c7c-3d35-a912-376b70769a26,49ecf1ea-a971-3332-9c6a-9f8d1153d62e
"Transport, single unit truck, long-haul, gasoline powered","Transport, single unit truck, long-haul, gasoline powered, US",9f52f8d9-5c7c-3d35-a912-376b70769a26,707525a6-c6e4-31e0-a728-5685f0133b9c
"Transport, single unit truck, long-haul, gasoline powered","Transport, single unit truck, long-haul, gasoline powered, West",9f52f8d9-5c7c-3d35-a912-376b70769a26,5faf03a2-ab55-3768-a625-4c2a246a9a4d
"Transport, single unit truck, long-haul, gasoline powered","Transport, single unit truck, long-haul, gasoline powered, West North Central",9f52f8d9-5c7c-3d35-a912-376b70769a26,e1d8cff3-c663-3050-898a-14d552e862f7
"Transport, single unit truck, short-haul, compressed natural gas powered","Transport, single unit truck, short-haul, compressed natural gas powered, Alaska",,
"Transport, single unit truck, short-haul, compressed natural gas powered","Transport, single unit truck, short-haul, compressed natural gas powered, Central",,
"Transport, single unit truck, short-haul, compressed natural gas powered","Transport, single unit truck, short-haul, compressed natural gas powered, East North Central",,
"Transport, single unit truck, short-haul, compressed natural gas powered","Transport, single unit truck, short-haul, compressed natural gas powered, Hawaii",,
"Transport, single unit truck, short-haul, compressed natural gas powered","Transport, single unit truck, short-haul, compressed natural gas powered, Northeast",,
"Transport, single unit truck, short-haul, compressed natural gas powered","Transport, single unit truck, short-haul, compressed natural gas powered, Northwest",,
"Transport, single unit truck, short-haul, compressed natural gas powered","Transport, single unit truck, short-haul, compressed natural gas powered, South",,
"Transport, single unit truck, short-haul, compressed natural gas powered","Transport, single unit truck, short-haul, compressed natural gas powered, Southeast",,
"Transport, single unit truck, short-haul, compressed natural gas powered","Transport, single unit truck, short-haul, compressed natural gas powered, Southwest",,
"Transport, single unit truck, short-haul, compressed natural gas powered","Transport, single unit truck, short-haul, compressed natural gas powered, US",,
"Transport, single unit truck, short-haul, compressed natural gas powered","Transport, single unit truck, short-haul, compressed natural gas powered, West",,
"Transport, single unit truck, short-haul, compressed natural gas powered","Transport, single unit truck, short-haul, compressed natural gas powered, West North Central",,
"Transport, single unit truck, short-haul, diesel powered","Transport, single unit truck, short-haul, diesel powered, Alaska",20567d69-c8ee-325c-a98c-43c35b8eb9f4,8e075e04-06b4-3bdd-ac09-4c53b6c7e50a
"Transport, single unit truck, short-haul, diesel powered","Transport, single unit truck, short-haul, diesel powered, Central",20567d69-c8ee-325c-a98c-43c35b8eb9f4,1cb962d8-c4ea-39cf-be3f-9062109feb1d
"Transport, single unit truck, short-haul, diesel powered","Transport, single unit truck, short-haul, diesel powered, East North Central",20567d69-c8ee-325c-a98c-43c35b8eb9f4,7e5c3461-8dcf-3ef1-b35c-514d31639f0e
"Transport, single unit truck, short-haul, diesel powered","Transport, single unit truck, short-haul, diesel powered, Hawaii",20567d69-c8ee-325c-a98c-43c35b8eb9f4,f012475f-903b-3e4e-9388-5200abdb7395
"Transport, single unit truck, short-haul, diesel powered","Transport, single unit truck, short-haul, diesel powered, Northeast",20567d69-c8ee-325c-a98c-43c35b8eb9f4,2962a2fb-4a99-3f77-b999-629bef8eb124
"Transport, single unit truck, short-haul, diesel powered","Transport, single unit truck, short-haul, diesel powered, Northwest",20567d69-c8ee-325c-a98c-43c35b8eb9f4,c365372e-b463-35b8-acee-d2ad71e2ccdd
"Transport, single unit truck, short-haul, diesel powered","Transport, single unit truck, short-haul, diesel powered, South",20567d69-c8ee-325c-a98c-43c35b8eb9f4,cdbace4b-f0cb-3bbf-99e6-b1291b558413
"Transport, single unit truck, short-haul, diesel powered","Transport, single unit truck, short-haul, diesel powered, Southeast",20567d69-c8ee-325c-a98c-43c35b8eb9f4,44757f0f-dde7-3b14-a8ac-a017ee01808e
"Transport, single unit truck, short-haul, diesel powered","Transport, single unit truck, short-haul, diesel powered, Southwest",20567d69-c8ee-325c-a98c-43c35b8eb9f4,16c70e02-29b3-3bec-9b39-b09415d02281
"Transport, single unit truck, short-haul, diesel powered","Transport, single unit truck, short-haul, diesel powered, US",20567d69-c8ee-325c-a98c-43c35b8eb9f4,711ab26a-94a2-33f9-89da-560c55808297
"Transport, single unit truck, short-haul, diesel powered","Transport, single unit truck, short-haul, diesel powered, West",20567d69-c8ee-325c-a98c-43c35b8eb9f4,e0009e43-946e-3bb6-90ea-4885d1206a9f
"Transport, single unit truck, short-haul, diesel powered","Transport, single unit truck, short-haul, diesel powered, West North Central",20567d69-c8ee-325c-a98c-43c35b8eb9f4,8c3b113e-9ed2-3a86-af12-130b79da4b9b
"Transport, single unit truck, short-haul, electricity powered","Transport, single unit truck, short-haul, electricity powered, Alaska",,
"Transport, single unit truck, short-haul, electricity powered","Transport, single unit truck, short-haul, electricity powered, Central",,
"Transport, single unit truck, short-haul, electricity powered","Transport, single unit truck, short-haul, electricity powered, East North Central",,
"Transport, single unit truck, short-haul, electricity powered","Transport, single unit truck, short-haul, electricity powered, Hawaii",,
"Transport, single unit truck, short-haul, electricity powered","Transport, single unit truck, short-haul, electricity powered, Northeast",,
"Transport, single unit truck, short-haul, electricity powered","Transport, single unit truck, short-haul, electricity powered, Northwest",,
"Transport, single unit truck, short-haul, electricity powered","Transport, single unit truck, short-haul, electricity powered, South",,
"Transport, single unit truck, short-haul, electricity powered","Transport, single unit truck, short-haul, electricity powered, Southeast",,
"Transport, single unit truck, short-haul, electricity powered","Transport, single unit truck, short-haul, electricity powered, Southwest",,
"Transport, single unit truck, short-haul, electricity powered","Transport, single unit truck, short-haul, electricity powered, US",,
"Transport, single unit truck, short-haul, electricity powered","Transport, single unit truck, short-haul, electricity powered, West",,
"Transport, single unit truck, short-haul, electricity powered","Transport, single unit truck, short-haul, electricity powered, West North Central",,
"Transport, single unit truck, short-haul, gasoline powered","Transport, single unit truck, short-haul, gasoline powered, Alaska",524fd4ed-beef-3c60-a17b-fa0ba1842eeb,0ee63a7f-7646-3daa-b359-4116bd9f2929
"Transport, single unit truck, short-haul, gasoline powered","Transport, single unit truck, short-haul, gasoline powered, Central",524fd4ed-beef-3c60-a17b-fa0ba1842eeb,d830df5e-0121-309e-a1dc-2e6c14e7fa91
"Transport, single unit truck, short-haul, gasoline powered","Transport, single unit truck, short-haul, gasoline powered, East North Central",524fd4ed-beef-3c60-a17b-fa0ba1842eeb,152b86c1-c318-3027-baf7-863ea194b59f
"Transport, single unit truck, short-haul, gasoline powered","Transport, single unit truck, short-haul, gasoline powered, Hawaii",524fd4ed-beef-3c60-a17b-fa0ba1842eeb,8b8d5f56-82c0-3254-a22a-a0e0df0090ba
"Transport, single unit truck, short-haul, gasoline powered","Transport, single unit truck, short-haul, gasoline powered, Northeast",524fd4ed-beef-3c60-a17b-fa0ba1842eeb,9a0c9355-de4f-324b-8c72-bd57a1944514
"Transport, single unit truck, short-haul, gasoline powered","Transport, single unit truck, short-haul, gasoline powered, Northwest",524fd4ed-beef-3c60-a17b-fa0ba1842eeb,f311e6ec-ec13-388f-ac9f-4ed0731725c8
"Transport, single unit truck, short-haul, gasoline powered","Transport, single unit truck, short-haul, gasoline powered, South",524fd4ed-beef-3c60-a17b-fa0ba1842eeb,b024a56f-30d2-32c7-9066-3260d390b442
"Transport, single unit truck, short-haul, gasoline powered","Transport, single unit truck, short-haul, gasoline powered, Southeast",524fd4ed-beef-3c60-a17b-fa0ba1842eeb,976227bd-5a7a-3e8e-9e67-7ce926b428a8
"Transport, single unit truck, short-haul, gasoline powered","Transport, single unit truck, short-haul, gasoline powered, Southwest",524fd4ed-beef-3c60-a17b-fa0ba1842eeb,17b1790d-9a4f-329c-8feb-20aad7a41bb3
"Transport, single unit truck, short-haul, gasoline powered","Transport, single unit truck, short-haul, gasoline powered, US",524fd4ed-beef-3c60-a17b-fa0ba1842eeb,ba328bfe-68dd-3d33-a95e-bdcd28252c39
"Transport, single unit truck, short-haul, gasoline powered","Transport, single unit truck, short-haul, gasoline powered, West",524fd4ed-beef-3c60-a17b-fa0ba1842eeb,91f05c7b-ade4-3b04-ad3c-4ecce11f3ff4
"Transport, single unit truck, short-haul, gasoline powered","Transport, single unit truck, short-haul, gasoline powered, West North Central",524fd4ed-beef-3c60-a17b-fa0ba1842eeb,1b8aeea1-53ae-3834-8162-4dd62dd2eefc
